topaz_id,wepp_id,width,length,area,slope,aspect,dom_landuse,landuse_description,dom_soil,soil_description,cli_fn,longest_fp,longest_fp_length,longest_fp_slope
,,m,m,ha,decimal,degree,,,,,,,m,decimal
22,1,30.0,240.0,0.7200000000000001,0.1123944137193589,297.2401778103777,21,Low Intensity Residential,Developed_Low_Intensity,Developed_Low_Intensity,wepp.cli,,,
23,2,30.0,90.0,0.27,0.2252210105551398,92.00274720471502,118,Moderate Severity Fire,460076-loam-forest moderate sev fire,"Neuns very stony loam, 8 to 50 percent slopes (STV-L) - forest moderate sev fire",wepp.cli,,,
32,3,384.8528137423857,245.54841909836412,9.450000000000001,0.5334234361533651,278.3393472958126,105,High Severity Fire,460076-loam-forest high sev fire,"Neuns very stony loam, 8 to 50 percent slopes (STV-L) - forest high sev fire",wepp.cli,,,
33,4,384.8528137423857,56.12535293676895,2.16,0.7236467166850357,63.91439085612723,105,High Severity Fire,460076-loam-forest high sev fire,"Neuns very stony loam, 8 to 50 percent slopes (STV-L) - forest high sev fire",wepp.cli,,,
41,5,365.5724766432173,337.27922061357856,12.3299,0.5298134420280414,326.00446528694323,118,Moderate Severity Fire,460077-loam-forest moderate sev fire,"Neuns very stony loam, 50 to 80 percent slopes (STV-L) - forest moderate sev fire",wepp.cli,,,
42,6,591.8376618407357,267.6409600351281,15.840000000000002,0.5742791415621312,241.47724867355845,105,High Severity Fire,460077-loam-forest high sev fire,"Neuns very stony loam, 50 to 80 percent slopes (STV-L) - forest high sev fire",wepp.cli,,,
43,7,591.8376618407357,80.5964254651238,4.7700000000000005,0.4450456057338992,357.7940980237401,105,High Severity Fire,460077-loam-forest high sev fire,"Neuns very stony loam, 50 to 80 percent slopes (STV-L) - forest high sev fire",wepp.cli,,,
51,8,458.1574727570218,386.98484809835,17.73,0.4986377335935513,331.49683973249824,105,High Severity Fire,459947-loam-forest high sev fire,"Boomer very stony loam, 50 to 70 percent slopes (STV-L) - forest high sev fire",wepp.cli,,,
52,9,899.1168824543142,198.19447668869088,17.82,0.7433655719606457,325.1181408012324,105,High Severity Fire,460076-loam-forest high sev fire,"Neuns very stony loam, 8 to 50 percent slopes (STV-L) - forest high sev fire",wepp.cli,,,
53,10,899.1168824543142,84.08250526186886,7.5600000000000005,0.5998631095629392,27.00209185331606,105,High Severity Fire,460076-loam-forest high sev fire,"Neuns very stony loam, 8 to 50 percent slopes (STV-L) - forest high sev fire",wepp.cli,,,
62,11,869.1168824543142,101.48232278140829,8.82,0.3361179701190462,313.4559293694375,118,Moderate Severity Fire,460076-loam-forest moderate sev fire,"Neuns very stony loam, 8 to 50 percent slopes (STV-L) - forest moderate sev fire",wepp.cli,,,
63,12,869.1168824543142,272.34541726031,23.67,0.7552958202030493,84.61109257418546,105,High Severity Fire,460076-loam-forest high sev fire,"Neuns very stony loam, 8 to 50 percent slopes (STV-L) - forest high sev fire",wepp.cli,,,
72,13,716.98484809835,317.5799329705863,22.7699,0.5233988369987231,305.53962236225306,105,High Severity Fire,460076-loam-forest high sev fire,"Neuns very stony loam, 8 to 50 percent slopes (STV-L) - forest high sev fire",wepp.cli,,,
73,14,716.98484809835,102.9310454687276,7.380000000000001,1.164298918234434,31.909269360165457,105,High Severity Fire,460076-loam-forest high sev fire,"Neuns very stony loam, 8 to 50 percent slopes (STV-L) - forest high sev fire",wepp.cli,,,
81,15,337.71422750621844,317.13203435596427,10.71,0.5616544048750652,299.3137224454211,105,High Severity Fire,460077-loam-forest high sev fire,"Neuns very stony loam, 50 to 80 percent slopes (STV-L) - forest high sev fire",wepp.cli,,,
82,16,397.27922061357856,131.39373340337212,5.220000000000001,0.6685770261965486,242.1361200938844,119,Shrub High Severity Fire,459997-loam-shrub high sev fire,"Goulding very rocky loam, 50 to 70 percent slopes, eroded (STV-L) - shrub high sev fire",wepp.cli,,,
83,17,397.27922061357856,38.51195634236769,1.53,0.7139830705848508,321.22694646222595,105,High Severity Fire,460077-loam-forest high sev fire,"Neuns very stony loam, 50 to 80 percent slopes (STV-L) - forest high sev fire",wepp.cli,,,
92,18,482.13203435596427,220.2716111611683,10.620000000000001,0.7932010247042387,288.5884494617439,105,High Severity Fire,460077-loam-forest high sev fire,"Neuns very stony loam, 50 to 80 percent slopes (STV-L) - forest high sev fire",wepp.cli,,,
93,19,482.13203435596427,322.9405824651027,15.57,0.6818405093410028,51.4689085278238,105,High Severity Fire,460077-loam-forest high sev fire,"Neuns very stony loam, 50 to 80 percent slopes (STV-L) - forest high sev fire",wepp.cli,,,
101,20,329.3654879597506,319.7056274847714,10.530000000000001,0.669612827525105,280.680470660961,105,High Severity Fire,460077-loam-forest high sev fire,"Neuns very stony loam, 50 to 80 percent slopes (STV-L) - forest high sev fire",wepp.cli,,,
103,21,60.0,75.0,0.45,0.7808658220189348,308.4393723118368,105,High Severity Fire,460077-loam-forest high sev fire,"Neuns very stony loam, 50 to 80 percent slopes (STV-L) - forest high sev fire",wepp.cli,,,
111,22,382.0932931219818,310.91883092036784,11.88,0.6511555320826272,317.15934177501777,105,High Severity Fire,460077-loam-forest high sev fire,"Neuns very stony loam, 50 to 80 percent slopes (STV-L) - forest high sev fire",wepp.cli,,,
112,23,242.1320343559643,122.66034966830246,2.97,1.447560557504323,268.8282374328222,105,High Severity Fire,460077-loam-forest high sev fire,"Neuns very stony loam, 50 to 80 percent slopes (STV-L) - forest high sev fire",wepp.cli,,,
113,24,242.1320343559643,449.7546154504423,10.89,0.3881972214616786,20.479859183384136,105,High Severity Fire,460077-loam-forest high sev fire,"Neuns very stony loam, 50 to 80 percent slopes (STV-L) - forest high sev fire",wepp.cli,,,
132,25,754.2640687119285,170.62989652918705,12.870000000000001,0.8243129646151149,10.842319495802457,105,High Severity Fire,460076-loam-forest high sev fire,"Neuns very stony loam, 8 to 50 percent slopes (STV-L) - forest high sev fire",wepp.cli,,,
133,26,754.2640687119285,112.16230960659848,8.46,0.7574889642756241,111.53689339599134,105,High Severity Fire,460076-loam-forest high sev fire,"Neuns very stony loam, 8 to 50 percent slopes (STV-L) - forest high sev fire",wepp.cli,,,
142,27,344.5584412271571,86.19727873803467,2.97,0.4600908765452104,310.1391897577667,105,High Severity Fire,460076-loam-forest high sev fire,"Neuns very stony loam, 8 to 50 percent slopes (STV-L) - forest high sev fire",wepp.cli,,,
143,28,344.5584412271571,255.9797974644666,8.82,0.6358639051149222,89.08912574530639,105,High Severity Fire,459997-loam-forest high sev fire,"Goulding very rocky loam, 50 to 70 percent slopes, eroded (STV-L) - forest high sev fire",wepp.cli,,,
151,29,370.0,270.0,9.99,0.5564165925140716,333.04127182085995,105,High Severity Fire,460077-loam-forest high sev fire,"Neuns very stony loam, 50 to 80 percent slopes (STV-L) - forest high sev fire",wepp.cli,,,
152,30,607.2792206135786,330.4904781645882,20.07,0.6259702130137897,314.02845577337627,105,High Severity Fire,460077-loam-forest high sev fire,"Neuns very stony loam, 50 to 80 percent slopes (STV-L) - forest high sev fire",wepp.cli,,,
153,31,607.2792206135786,183.77049010048847,11.16,0.5631321170912311,66.7857180696762,105,High Severity Fire,460077-loam-forest high sev fire,"Neuns very stony loam, 50 to 80 percent slopes (STV-L) - forest high sev fire",wepp.cli,,,
162,32,464.5584412271571,75.55561773300553,3.5100000000000002,0.8931947617917204,347.5321941535733,105,High Severity Fire,460113-sand loam-forest high sev fire,Rockland (UWB) - forest high sev fire,wepp.cli,,,
163,33,464.5584412271571,174.35911784539738,8.1,0.7087772590023043,152.99961120499722,105,High Severity Fire,459997-loam-forest high sev fire,"Goulding very rocky loam, 50 to 70 percent slopes, eroded (STV-L) - forest high sev fire",wepp.cli,,,
171,34,396.8360014463229,283.492424049175,11.25,0.4441989691505872,345.583812239799,105,High Severity Fire,460076-loam-forest high sev fire,"Neuns very stony loam, 8 to 50 percent slopes (STV-L) - forest high sev fire",wepp.cli,,,
172,35,349.7056274847714,108.09091140990024,3.7800000000000002,0.5503337364713734,311.4904039745043,105,High Severity Fire,460077-loam-forest high sev fire,"Neuns very stony loam, 50 to 80 percent slopes (STV-L) - forest high sev fire",wepp.cli,,,
173,36,349.7056274847714,118.38528392512885,4.140000000000001,0.9051150430239716,64.90046313562036,118,Moderate Severity Fire,460077-loam-forest moderate sev fire,"Neuns very stony loam, 50 to 80 percent slopes (STV-L) - forest moderate sev fire",wepp.cli,,,
182,37,374.5584412271571,100.91883092036782,3.7800000000000002,1.0487655544035757,28.84653220090589,118,Moderate Severity Fire,460076-loam-forest moderate sev fire,"Neuns very stony loam, 8 to 50 percent slopes (STV-L) - forest moderate sev fire",wepp.cli,,,
183,38,374.5584412271571,396.4668357585879,14.850000000000001,0.4661492275025569,161.59704578297507,105,High Severity Fire,459953-sand loam-forest high sev fire,"Chaix sandy loam, 30 to 50 percent slopes (SL) - forest high sev fire",wepp.cli,,,
192,39,229.7056274847714,133.21397623150813,3.06,0.629698792179186,307.7926313494195,106,Low Severity Fire,460076-loam-forest low sev fire,"Neuns very stony loam, 8 to 50 percent slopes (STV-L) - forest low sev fire",wepp.cli,,,
193,40,229.7056274847714,86.19727873803467,1.9800000000000002,0.3092630136411357,95.66453919467614,106,Low Severity Fire,459963-sand loam-forest low sev fire,Cobbly alluvial land (CBV-S) - forest low sev fire,wepp.cli,,,
202,41,234.8528137423857,172.44843421133197,4.05,0.4056689178422571,246.3560566750484,106,Low Severity Fire,460076-loam-forest low sev fire,"Neuns very stony loam, 8 to 50 percent slopes (STV-L) - forest low sev fire",wepp.cli,,,
203,42,234.8528137423857,99.63687309988067,2.3400000000000003,0.5565159209691126,54.7977725252345,42,Evergreen Forest,460076-loam-forest,"Neuns very stony loam, 8 to 50 percent slopes (STV-L) - forest",wepp.cli,,,
212,43,339.4112549695428,161.75067619642277,5.49,0.4122368850111682,250.82754898370675,105,High Severity Fire,460076-loam-forest high sev fire,"Neuns very stony loam, 8 to 50 percent slopes (STV-L) - forest high sev fire",wepp.cli,,,
213,44,339.4112549695428,140.53747276082632,4.7700000000000005,0.7244463275054852,31.92717051839549,106,Low Severity Fire,460077-loam-forest low sev fire,"Neuns very stony loam, 50 to 80 percent slopes (STV-L) - forest low sev fire",wepp.cli,,,
221,45,469.6405539358121,337.27922061357856,15.840000000000002,0.6073402192550115,12.17091969534197,105,High Severity Fire,459953-sand loam-forest high sev fire,"Chaix sandy loam, 30 to 50 percent slopes (SL) - forest high sev fire",wepp.cli,,,
222,46,344.5584412271571,235.0834874673673,8.1,0.3201318816572503,252.58701862859093,105,High Severity Fire,460076-loam-forest high sev fire,"Neuns very stony loam, 8 to 50 percent slopes (STV-L) - forest high sev fire",wepp.cli,,,
223,47,344.5584412271571,255.9797974644666,8.82,0.5560568055682655,3.681912930630393,105,High Severity Fire,459953-sand loam-forest high sev fire,"Chaix sandy loam, 30 to 50 percent slopes (SL) - forest high sev fire",wepp.cli,,,
232,48,434.5584412271571,47.63455967290593,2.0700000000000003,0.822157438991162,334.6813730753188,105,High Severity Fire,459953-sand loam-forest high sev fire,"Chaix sandy loam, 30 to 50 percent slopes (SL) - forest high sev fire",wepp.cli,,,
233,49,434.5584412271571,149.1168824543142,6.48,0.5080754327035246,96.90668088230504,105,High Severity Fire,459953-sand loam-forest high sev fire,"Chaix sandy loam, 30 to 50 percent slopes (SL) - forest high sev fire",wepp.cli,,,
241,50,303.6839891992435,349.7056274847714,10.620000000000001,0.7028031318955158,354.65314565518315,105,High Severity Fire,459953-sand loam-forest high sev fire,"Chaix sandy loam, 30 to 50 percent slopes (SL) - forest high sev fire",wepp.cli,,,
242,51,289.7056274847714,236.10173055266415,6.840000000000001,0.7158785270572138,326.47813950082787,105,High Severity Fire,459953-sand loam-forest high sev fire,"Chaix sandy loam, 30 to 50 percent slopes (SL) - forest high sev fire",wepp.cli,,,
243,52,289.7056274847714,37.27922061357855,1.08,0.8633523838955262,59.11006555409526,105,High Severity Fire,459953-sand loam-forest high sev fire,"Chaix sandy loam, 30 to 50 percent slopes (SL) - forest high sev fire",wepp.cli,,,
251,53,325.54629306914245,337.27922061357856,10.98,0.7758328473544961,44.7430998069013,105,High Severity Fire,459953-sand loam-forest high sev fire,"Chaix sandy loam, 30 to 50 percent slopes (SL) - forest high sev fire",wepp.cli,,,
252,54,1264.2640687119283,202.17295288666492,25.560000000000002,1.0386373428391549,313.9289276522575,105,High Severity Fire,459953-sand loam-forest high sev fire,"Chaix sandy loam, 30 to 50 percent slopes (SL) - forest high sev fire",wepp.cli,,,
253,55,1264.2640687119283,261.9705868390588,33.120000000000005,1.026901883966315,65.54777542719411,105,High Severity Fire,459953-sand loam-forest high sev fire,"Chaix sandy loam, 30 to 50 percent slopes (SL) - forest high sev fire",wepp.cli,,,
261,56,363.23207718673416,294.8528137423857,10.71,0.4449119279200509,53.84404762248416,105,High Severity Fire,459953-sand loam-forest high sev fire,"Chaix sandy loam, 30 to 50 percent slopes (SL) - forest high sev fire",wepp.cli,,,
262,57,531.8376618407357,228.45317042700228,12.15,0.5720311301509214,350.777497276521,105,High Severity Fire,459953-sand loam-forest high sev fire,"Chaix sandy loam, 30 to 50 percent slopes (SL) - forest high sev fire",wepp.cli,,,
263,58,531.8376618407357,147.22537649740147,7.83,0.534883961412119,104.5679913777772,105,High Severity Fire,459953-sand loam-forest high sev fire,"Chaix sandy loam, 30 to 50 percent slopes (SL) - forest high sev fire",wepp.cli,,,
272,59,614.5584412271571,209.41865145161853,12.870000000000001,0.5470456237642151,2.9703783935545025,105,High Severity Fire,459953-sand loam-forest high sev fire,"Chaix sandy loam, 30 to 50 percent slopes (SL) - forest high sev fire",wepp.cli,,,
273,60,614.5584412271571,194.7739905109459,11.97,0.7034473608054174,128.69857516095416,105,High Severity Fire,460077-loam-forest high sev fire,"Neuns very stony loam, 50 to 80 percent slopes (STV-L) - forest high sev fire",wepp.cli,,,
282,61,102.42640687119284,263.6038969321072,2.6999,0.4095211735934176,359.6740122203581,105,High Severity Fire,459953-sand loam-forest high sev fire,"Chaix sandy loam, 30 to 50 percent slopes (SL) - forest high sev fire",wepp.cli,,,
283,62,102.42640687119284,61.50757595082502,0.63,0.5418486725051052,114.42912369663652,118,Moderate Severity Fire,459954-sand loam-forest moderate sev fire,"Chaix sandy loam, 50 to 70 percent (SL) - forest moderate sev fire",wepp.cli,,,
292,63,259.7056274847714,145.5494067113217,3.7800000000000002,0.655571267239925,298.84292550572945,105,High Severity Fire,459953-sand loam-forest high sev fire,"Chaix sandy loam, 30 to 50 percent slopes (SL) - forest high sev fire",wepp.cli,,,
293,64,259.7056274847714,214.8586480024273,5.58,0.581754418178377,91.56811967520132,105,High Severity Fire,459954-sand loam-forest high sev fire,"Chaix sandy loam, 50 to 70 percent (SL) - forest high sev fire",wepp.cli,,,
302,65,174.8528137423857,185.2987052741147,3.24,0.3906301670211847,275.1105022169835,105,High Severity Fire,459953-sand loam-forest high sev fire,"Chaix sandy loam, 30 to 50 percent slopes (SL) - forest high sev fire",wepp.cli,,,
303,66,174.8528137423857,82.35498012182875,1.4399000000000002,0.7724612782637651,47.688537338256594,105,High Severity Fire,459953-sand loam-forest high sev fire,"Chaix sandy loam, 30 to 50 percent slopes (SL) - forest high sev fire",wepp.cli,,,
312,67,736.6904755831214,234.56255473266648,17.28,0.6805149586385719,311.1881430739434,105,High Severity Fire,459951-sand loam-forest high sev fire,"Chaix coarse sandy loam, 50 to 70 percent slopes, severely eroded (COSL) - forest high sev fire",wepp.cli,,,
313,68,736.6904755831214,102.6211176955416,7.5600000000000005,0.7645795664001251,67.99398595379301,105,High Severity Fire,459951-sand loam-forest high sev fire,"Chaix coarse sandy loam, 50 to 70 percent slopes, severely eroded (COSL) - forest high sev fire",wepp.cli,,,
321,69,322.6594423856128,320.77164466275354,10.3499,0.8235975915372501,334.8392715560652,105,High Severity Fire,459954-sand loam-forest high sev fire,"Chaix sandy loam, 50 to 70 percent (SL) - forest high sev fire",wepp.cli,,,
322,70,264.8528137423857,91.7490724626995,2.43,1.041705868534097,304.4454751034341,105,High Severity Fire,459951-sand loam-forest high sev fire,"Chaix coarse sandy loam, 50 to 70 percent slopes, severely eroded (COSL) - forest high sev fire",wepp.cli,,,
323,71,264.8528137423857,27.18491035931837,0.7200000000000001,0.8081553598762606,13.664555027130117,105,High Severity Fire,459951-sand loam-forest high sev fire,"Chaix coarse sandy loam, 50 to 70 percent slopes, severely eroded (COSL) - forest high sev fire",wepp.cli,,,
332,72,302.13203435596427,151.92033541839456,4.59,0.7636697823623009,340.4828216370521,105,High Severity Fire,459951-sand loam-forest high sev fire,"Chaix coarse sandy loam, 50 to 70 percent slopes, severely eroded (COSL) - forest high sev fire",wepp.cli,,,
333,73,302.13203435596427,181.70863648082488,5.49,0.7035272235620804,84.8938676291747,105,High Severity Fire,459953-sand loam-forest high sev fire,"Chaix sandy loam, 30 to 50 percent slopes (SL) - forest high sev fire",wepp.cli,,,
341,74,244.75663432399003,411.8376618407357,10.08,0.70933795356866,335.5843457235624,105,High Severity Fire,459983-sand loam-forest high sev fire,"Corbett loamy coarse sand, 50 to 80 percent slopes (LCOS) - forest high sev fire",wepp.cli,,,
342,75,374.5584412271571,105.72448953562343,3.9600000000000004,1.837768186454328,300.8491386168585,105,High Severity Fire,459951-sand loam-forest high sev fire,"Chaix coarse sandy loam, 50 to 70 percent slopes, severely eroded (COSL) - forest high sev fire",wepp.cli,,,
343,76,374.5584412271571,86.501855074601,3.24,1.7785450535522316,9.28910821968357,105,High Severity Fire,459951-sand loam-forest high sev fire,"Chaix coarse sandy loam, 50 to 70 percent slopes, severely eroded (COSL) - forest high sev fire",wepp.cli,,,
352,77,349.7056274847714,113.23809766751454,3.9600000000000004,0.9597525109682444,310.3452885079503,105,High Severity Fire,459951-sand loam-forest high sev fire,"Chaix coarse sandy loam, 50 to 70 percent slopes, severely eroded (COSL) - forest high sev fire",wepp.cli,,,
353,78,349.7056274847714,483.8355082157439,16.92,0.5502559357689443,88.75431284578963,105,High Severity Fire,459951-sand loam-forest high sev fire,"Chaix coarse sandy loam, 50 to 70 percent slopes, severely eroded (COSL) - forest high sev fire",wepp.cli,,,
361,79,302.99649495794006,344.5584412271571,10.440000000000001,0.9727622739105788,351.4014956592617,105,High Severity Fire,459983-sand loam-forest high sev fire,"Corbett loamy coarse sand, 50 to 80 percent slopes (LCOS) - forest high sev fire",wepp.cli,,,
362,80,392.13203435596427,110.1669749347346,4.32,2.047023739844273,313.3010973080484,105,High Severity Fire,459983-sand loam-forest high sev fire,"Corbett loamy coarse sand, 50 to 80 percent slopes (LCOS) - forest high sev fire",wepp.cli,,,
363,81,392.13203435596427,59.673778089647904,2.3400000000000003,2.1296023398206363,12.886227048320364,105,High Severity Fire,459983-sand loam-forest high sev fire,"Corbett loamy coarse sand, 50 to 80 percent slopes (LCOS) - forest high sev fire",wepp.cli,,,
372,82,42.42640687119285,84.8528137423857,0.36000000000000004,0.4749323315026103,340.0045855521805,118,Moderate Severity Fire,459983-sand loam-forest moderate sev fire,"Corbett loamy coarse sand, 50 to 80 percent slopes (LCOS) - forest moderate sev fire",wepp.cli,,,
373,83,42.42640687119285,169.7056274847714,0.7200000000000001,0.536953763931688,100.23968902735488,105,High Severity Fire,459951-sand loam-forest high sev fire,"Chaix coarse sandy loam, 50 to 70 percent slopes, severely eroded (COSL) - forest high sev fire",wepp.cli,,,
382,84,326.98484809835,250.4703214118541,8.190000000000001,0.9647149479361022,327.9445808283234,105,High Severity Fire,459983-sand loam-forest high sev fire,"Corbett loamy coarse sand, 50 to 80 percent slopes (LCOS) - forest high sev fire",wepp.cli,,,
383,85,326.98484809835,66.0581067459835,2.16,1.7876661929372657,93.04785636891904,105,High Severity Fire,459983-sand loam-forest high sev fire,"Corbett loamy coarse sand, 50 to 80 percent slopes (LCOS) - forest high sev fire",wepp.cli,,,
391,86,186.4510538375631,540.6244584051392,10.08,0.7849420008579888,323.590700862478,105,High Severity Fire,459975-sand loam-forest high sev fire,Colluvial land (GRX-SL) - forest high sev fire,wepp.cli,,,
392,87,199.7056274847714,220.8250240888322,4.41,1.314715429730734,302.48173218170854,105,High Severity Fire,459975-sand loam-forest high sev fire,Colluvial land (GRX-SL) - forest high sev fire,wepp.cli,,,
393,88,199.7056274847714,72.10613031472073,1.4400000000000002,1.1772615410639382,337.5555578519672,105,High Severity Fire,459975-sand loam-forest high sev fire,Colluvial land (GRX-SL) - forest high sev fire,wepp.cli,,,
402,89,332.13203435596427,303.49376023141167,10.08,1.5305313733171977,334.0512105821342,105,High Severity Fire,459975-sand loam-forest high sev fire,Colluvial land (GRX-SL) - forest high sev fire,wepp.cli,,,
403,90,332.13203435596427,398.3355603037278,13.23,0.6963848483568778,84.27751801949762,129,Grass High Severity Fire,459983-sand loam-grass high sev fire,"Corbett loamy coarse sand, 50 to 80 percent slopes (LCOS) - grass high sev fire",wepp.cli,,,
412,91,60.0,60.0,0.36000000000000004,0.7585889951810714,299.7505012490492,105,High Severity Fire,459975-sand loam-forest high sev fire,Colluvial land (GRX-SL) - forest high sev fire,wepp.cli,,,
413,92,60.0,60.0,0.36000000000000004,0.6810216072714146,32.26519826571638,105,High Severity Fire,459975-sand loam-forest high sev fire,Colluvial land (GRX-SL) - forest high sev fire,wepp.cli,,,
422,93,84.8528137423857,31.81980515339464,0.27,0.8699759780471309,286.6617424634694,105,High Severity Fire,459975-sand loam-forest high sev fire,Colluvial land (GRX-SL) - forest high sev fire,wepp.cli,,,
423,94,84.8528137423857,127.27922061357854,1.08,0.7268418532016954,0.1841406565108835,105,High Severity Fire,459975-sand loam-forest high sev fire,Colluvial land (GRX-SL) - forest high sev fire,wepp.cli,,,
431,95,395.2727087207981,334.7056274847714,13.23,0.90422492998171,352.7643462199454,105,High Severity Fire,459983-sand loam-forest high sev fire,"Corbett loamy coarse sand, 50 to 80 percent slopes (LCOS) - forest high sev fire",wepp.cli,,,
432,96,374.5584412271571,228.2687842246415,8.55,1.2560867646743783,287.4007778286565,105,High Severity Fire,459983-sand loam-forest high sev fire,"Corbett loamy coarse sand, 50 to 80 percent slopes (LCOS) - forest high sev fire",wepp.cli,,,
433,97,374.5584412271571,50.45941546018391,1.8900000000000001,1.962035015797751,25.0049247983043,105,High Severity Fire,459983-sand loam-forest high sev fire,"Corbett loamy coarse sand, 50 to 80 percent slopes (LCOS) - forest high sev fire",wepp.cli,,,
441,98,304.54360186187773,339.8528137423857,10.35,1.0801505786210823,5.409870582443415,105,High Severity Fire,460113-sand loam-forest high sev fire,Rockland (UWB) - forest high sev fire,wepp.cli,,,
442,99,180.0,60.0,1.08,1.947165555668941,336.4211014622514,105,High Severity Fire,459983-sand loam-forest high sev fire,"Corbett loamy coarse sand, 50 to 80 percent slopes (LCOS) - forest high sev fire",wepp.cli,,,
443,100,180.0,25.0,0.45,1.875019646820665,29.432948677304296,105,High Severity Fire,460113-sand loam-forest high sev fire,Rockland (UWB) - forest high sev fire,wepp.cli,,,
451,101,291.8296447473155,400.91883092036784,11.700000000000001,0.8988514073854696,15.65081120526579,105,High Severity Fire,460113-sand loam-forest high sev fire,Rockland (UWB) - forest high sev fire,wepp.cli,,,
452,102,312.42640687119285,54.732889486675134,1.7100000000000002,2.988265334998687,336.3958512691077,105,High Severity Fire,460113-sand loam-forest high sev fire,Rockland (UWB) - forest high sev fire,wepp.cli,,,
453,103,312.42640687119285,54.732889486675134,1.7100000000000002,1.4940120801990473,42.42780397976459,105,High Severity Fire,459975-sand loam-forest high sev fire,Colluvial land (GRX-SL) - forest high sev fire,wepp.cli,,,
462,104,187.27922061357856,24.028293076278054,0.45,2.9322015880505683,6.758892502417432,105,High Severity Fire,459975-sand loam-forest high sev fire,Colluvial land (GRX-SL) - forest high sev fire,wepp.cli,,,
463,105,187.27922061357856,110.53014815087906,2.0700000000000003,1.6740513699596544,82.7937561022771,105,High Severity Fire,459975-sand loam-forest high sev fire,Colluvial land (GRX-SL) - forest high sev fire,wepp.cli,,,
471,106,209.82881120113748,501.8376618407357,10.530000000000001,0.7230637733084292,17.666145836225656,105,High Severity Fire,459975-sand loam-forest high sev fire,Colluvial land (GRX-SL) - forest high sev fire,wepp.cli,,,
472,107,144.8528137423857,62.13203435596426,0.9,1.6552356943184865,343.36231912185804,105,High Severity Fire,459975-sand loam-forest high sev fire,Colluvial land (GRX-SL) - forest high sev fire,wepp.cli,,,
473,108,144.8528137423857,31.06601717798213,0.45,2.594129099319038,37.40199827176242,105,High Severity Fire,459975-sand loam-forest high sev fire,Colluvial land (GRX-SL) - forest high sev fire,wepp.cli,,,
481,109,322.92721104826524,418.0508652763321,13.5,0.6905477137505683,47.5891270702316,119,Shrub High Severity Fire,459983-sand loam-shrub high sev fire,"Corbett loamy coarse sand, 50 to 80 percent slopes (LCOS) - shrub high sev fire",wepp.cli,,,
482,110,259.7056274847714,58.91285509743973,1.53,2.982834583889552,28.58331424566981,105,High Severity Fire,459975-sand loam-forest high sev fire,Colluvial land (GRX-SL) - forest high sev fire,wepp.cli,,,
483,111,259.7056274847714,190.6004135505403,4.95,1.053366230747584,99.40958391400432,119,Shrub High Severity Fire,459983-sand loam-shrub high sev fire,"Corbett loamy coarse sand, 50 to 80 percent slopes (LCOS) - shrub high sev fire",wepp.cli,,,
491,112,282.3028732702574,392.13203435596427,11.07,0.6740057579567434,57.0770225413356,105,High Severity Fire,459983-sand loam-forest high sev fire,"Corbett loamy coarse sand, 50 to 80 percent slopes (LCOS) - forest high sev fire",wepp.cli,,,
492,113,724.2640687119285,45.977705423413546,3.33,2.003015146889811,45.32085951453133,105,High Severity Fire,459983-sand loam-forest high sev fire,"Corbett loamy coarse sand, 50 to 80 percent slopes (LCOS) - forest high sev fire",wepp.cli,,,
493,114,724.2640687119285,288.29263941167414,20.880000000000003,0.854708187183844,98.7656714450166,105,High Severity Fire,459983-sand loam-forest high sev fire,"Corbett loamy coarse sand, 50 to 80 percent slopes (LCOS) - forest high sev fire",wepp.cli,,,
501,115,451.0555569727168,307.27922061357856,13.860000000000001,0.6894924888829644,35.565607281200904,105,High Severity Fire,459983-sand loam-forest high sev fire,"Corbett loamy coarse sand, 50 to 80 percent slopes (LCOS) - forest high sev fire",wepp.cli,,,
502,116,671.5432893255071,197.00889295294888,13.23,0.9535135933711736,1.6208809984689327,105,High Severity Fire,459953-sand loam-forest high sev fire,"Chaix sandy loam, 30 to 50 percent slopes (SL) - forest high sev fire",wepp.cli,,,
503,117,671.5432893255071,140.7206378235349,9.450000000000001,0.5995244033396243,93.5596737032186,105,High Severity Fire,459951-sand loam-forest high sev fire,"Chaix coarse sandy loam, 50 to 70 percent slopes, severely eroded (COSL) - forest high sev fire",wepp.cli,,,
512,118,951.8376618407356,228.8205318318692,21.78,0.7645387630889859,348.35161006726355,105,High Severity Fire,459975-sand loam-forest high sev fire,Colluvial land (GRX-SL) - forest high sev fire,wepp.cli,,,
513,119,951.8376618407356,272.31534366767903,25.92,0.7403273346837618,142.2014243064141,105,High Severity Fire,459954-sand loam-forest high sev fire,"Chaix sandy loam, 50 to 70 percent (SL) - forest high sev fire",wepp.cli,,,
522,120,30.0,90.0,0.27,0.2596506199333817,309.6751134124221,105,High Severity Fire,459983-sand loam-forest high sev fire,"Corbett loamy coarse sand, 50 to 80 percent slopes (LCOS) - forest high sev fire",wepp.cli,,,
532,121,60.0,75.0,0.45,0.3882106218041053,314.392764404728,106,Low Severity Fire,459983-sand loam-forest low sev fire,"Corbett loamy coarse sand, 50 to 80 percent slopes (LCOS) - forest low sev fire",wepp.cli,,,
533,122,60.0,90.0,0.54,0.648099515904682,97.33609843560474,105,High Severity Fire,459983-sand loam-forest high sev fire,"Corbett loamy coarse sand, 50 to 80 percent slopes (LCOS) - forest high sev fire",wepp.cli,,,
542,123,422.13203435596427,701.4393031122406,29.610000000000003,0.4639604188088884,339.909672550098,105,High Severity Fire,459983-sand loam-forest high sev fire,"Corbett loamy coarse sand, 50 to 80 percent slopes (LCOS) - forest high sev fire",wepp.cli,,,
543,124,422.13203435596427,127.92206135785544,5.4,1.3064969994462907,81.22111431131874,105,High Severity Fire,459983-sand loam-forest high sev fire,"Corbett loamy coarse sand, 50 to 80 percent slopes (LCOS) - forest high sev fire",wepp.cli,,,
551,125,293.2632021601513,362.13203435596427,10.620000000000001,0.6420886969066205,32.002632757192835,119,Shrub High Severity Fire,459983-sand loam-shrub high sev fire,"Corbett loamy coarse sand, 50 to 80 percent slopes (LCOS) - shrub high sev fire",wepp.cli,,,
552,126,559.7056274847714,48.239643616473415,2.7,4.378749327985256,338.00542030659875,105,High Severity Fire,459983-sand loam-forest high sev fire,"Corbett loamy coarse sand, 50 to 80 percent slopes (LCOS) - forest high sev fire",wepp.cli,,,
553,127,559.7056274847714,162.4068001754605,9.09,2.1265507452128585,44.48854243873187,105,High Severity Fire,459983-sand loam-forest high sev fire,"Corbett loamy coarse sand, 50 to 80 percent slopes (LCOS) - forest high sev fire",wepp.cli,,,
561,128,256.9663627283379,395.7716446627536,10.1699,0.8301057842455762,50.08620644265974,105,High Severity Fire,459983-sand loam-forest high sev fire,"Corbett loamy coarse sand, 50 to 80 percent slopes (LCOS) - forest high sev fire",wepp.cli,,,
562,129,199.7056274847714,13.519899434010137,0.27,4.024599797373306,43.66667042747102,118,Moderate Severity Fire,459983-sand loam-forest moderate sev fire,"Corbett loamy coarse sand, 50 to 80 percent slopes (LCOS) - forest moderate sev fire",wepp.cli,,,
563,130,199.7056274847714,162.23879320812162,3.24,1.23420580287385,78.6388634153902,129,Grass High Severity Fire,459983-sand loam-grass high sev fire,"Corbett loamy coarse sand, 50 to 80 percent slopes (LCOS) - grass high sev fire",wepp.cli,,,
572,131,289.7056274847714,180.18289963229637,5.220000000000001,0.942746513780295,34.9506148239226,105,High Severity Fire,459983-sand loam-forest high sev fire,"Corbett loamy coarse sand, 50 to 80 percent slopes (LCOS) - forest high sev fire",wepp.cli,,,
573,132,289.7056274847714,49.705627484771405,1.4400000000000002,1.2768674310965535,156.92778221422736,118,Moderate Severity Fire,459983-sand loam-forest moderate sev fire,"Corbett loamy coarse sand, 50 to 80 percent slopes (LCOS) - forest moderate sev fire",wepp.cli,,,
581,133,338.6736007217566,310.91883092036784,10.530000000000001,1.047395783391864,32.27130773772047,105,High Severity Fire,459983-sand loam-forest high sev fire,"Corbett loamy coarse sand, 50 to 80 percent slopes (LCOS) - forest high sev fire",wepp.cli,,,
583,134,84.8528137423857,106.06601717798212,0.9,0.658814303007472,99.45826105434284,118,Moderate Severity Fire,459983-sand loam-forest moderate sev fire,"Corbett loamy coarse sand, 50 to 80 percent slopes (LCOS) - forest moderate sev fire",wepp.cli,,,
592,135,229.7056274847714,54.8528137423857,1.26,0.9226104666831342,40.801878188972346,118,Moderate Severity Fire,459983-sand loam-forest moderate sev fire,"Corbett loamy coarse sand, 50 to 80 percent slopes (LCOS) - forest moderate sev fire",wepp.cli,,,
593,136,229.7056274847714,156.72232497824487,3.6,0.5943773664488399,191.2967386684608,118,Moderate Severity Fire,459954-sand loam-forest moderate sev fire,"Chaix sandy loam, 50 to 70 percent (SL) - forest moderate sev fire",wepp.cli,,,
602,137,217.27922061357856,136.69047558312135,2.97,0.6072860796031204,6.636067080906156,105,High Severity Fire,459983-sand loam-forest high sev fire,"Corbett loamy coarse sand, 50 to 80 percent slopes (LCOS) - forest high sev fire",wepp.cli,,,
603,138,217.27922061357856,546.7619023324854,11.88,0.7283210844357378,146.38646658809154,119,Shrub High Severity Fire,459982-sand loam-shrub high sev fire,"Corbett loamy coarse sand, 30 to 70 percent slopes, severely eroded (LCOS) - shrub high sev fire",wepp.cli,,,
612,139,404.5584412271571,324.7985621098923,13.14,0.9008091151345056,338.80848050487083,105,High Severity Fire,459983-sand loam-forest high sev fire,"Corbett loamy coarse sand, 50 to 80 percent slopes (LCOS) - forest high sev fire",wepp.cli,,,
613,140,404.5584412271571,75.63802131326258,3.06,0.9913840836727748,127.15240156502604,106,Low Severity Fire,459982-sand loam-forest low sev fire,"Corbett loamy coarse sand, 30 to 70 percent slopes, severely eroded (LCOS) - forest low sev fire",wepp.cli,,,
622,141,272.13203435596427,284.4207598828897,7.74,0.9205932196922184,314.34116624524245,118,Moderate Severity Fire,459983-sand loam-forest moderate sev fire,"Corbett loamy coarse sand, 50 to 80 percent slopes (LCOS) - forest moderate sev fire",wepp.cli,,,
623,142,272.13203435596427,555.6126472130868,15.120000000000001,0.5940955635071454,124.00889802565742,106,Low Severity Fire,459951-sand loam-forest low sev fire,"Chaix coarse sandy loam, 50 to 70 percent slopes, severely eroded (COSL) - forest low sev fire",wepp.cli,,,
632,143,1253.9696961966995,274.8870256159123,34.4699,1.0835116076712843,293.32956863645245,118,Moderate Severity Fire,459983-sand loam-forest moderate sev fire,"Corbett loamy coarse sand, 50 to 80 percent slopes (LCOS) - forest moderate sev fire",wepp.cli,,,
633,144,1253.9696961966995,231.10606331155032,28.98,1.5387167040325098,47.62723782452871,120,Shrub Moderate Severity Fire,459983-sand loam-shrub moderate sev fire,"Corbett loamy coarse sand, 50 to 80 percent slopes (LCOS) - shrub moderate sev fire",wepp.cli,,,
642,145,217.27922061357856,294.09162928489746,6.390000000000001,0.436381320256139,243.30411795350844,118,Moderate Severity Fire,459983-sand loam-forest moderate sev fire,"Corbett loamy coarse sand, 50 to 80 percent slopes (LCOS) - forest moderate sev fire",wepp.cli,,,
643,146,217.27922061357856,198.8225099390856,4.32,1.3556095389695908,358.32952760055343,118,Moderate Severity Fire,459983-sand loam-forest moderate sev fire,"Corbett loamy coarse sand, 50 to 80 percent slopes (LCOS) - forest moderate sev fire",wepp.cli,,,
651,147,320.60129727677554,362.13203435596427,11.609900000000001,0.6209938450164272,309.27574904363297,105,High Severity Fire,459983-sand loam-forest high sev fire,"Corbett loamy coarse sand, 50 to 80 percent slopes (LCOS) - forest high sev fire",wepp.cli,,,
652,148,72.42640687119285,49.705627484771405,0.36000000000000004,0.7461513345874923,255.4975931376036,118,Moderate Severity Fire,459983-sand loam-forest moderate sev fire,"Corbett loamy coarse sand, 50 to 80 percent slopes (LCOS) - forest moderate sev fire",wepp.cli,,,
653,149,72.42640687119285,62.13203435596426,0.45,0.887915682658896,320.10915563751394,118,Moderate Severity Fire,459983-sand loam-forest moderate sev fire,"Corbett loamy coarse sand, 50 to 80 percent slopes (LCOS) - forest moderate sev fire",wepp.cli,,,
661,150,235.38475182145487,439.7056274847714,10.35,0.5982239322956668,351.8730910558322,105,High Severity Fire,459983-sand loam-forest high sev fire,"Corbett loamy coarse sand, 50 to 80 percent slopes (LCOS) - forest high sev fire",wepp.cli,,,
662,151,199.7056274847714,9.013266289340091,0.18000000000000002,4.248080106900702,329.5,105,High Severity Fire,459983-sand loam-forest high sev fire,"Corbett loamy coarse sand, 50 to 80 percent slopes (LCOS) - forest high sev fire",wepp.cli,,,
663,152,199.7056274847714,216.31839094416216,4.32,0.8454685520215378,20.780934231242703,105,High Severity Fire,459983-sand loam-forest high sev fire,"Corbett loamy coarse sand, 50 to 80 percent slopes (LCOS) - forest high sev fire",wepp.cli,,,
671,153,334.5445299420029,416.98484809835,13.950000000000001,0.5656468041320051,61.17031549465951,120,Shrub Moderate Severity Fire,459983-sand loam-shrub moderate sev fire,"Corbett loamy coarse sand, 50 to 80 percent slopes (LCOS) - shrub moderate sev fire",wepp.cli,,,
672,154,704.5584412271571,436.8693666687077,30.78,0.5723564039471281,358.3195666522415,105,High Severity Fire,459983-sand loam-forest high sev fire,"Corbett loamy coarse sand, 50 to 80 percent slopes (LCOS) - forest high sev fire",wepp.cli,,,
673,155,704.5584412271571,107.30124795371766,7.5600000000000005,2.0424102907476387,84.48107085711396,120,Shrub Moderate Severity Fire,459983-sand loam-shrub moderate sev fire,"Corbett loamy coarse sand, 50 to 80 percent slopes (LCOS) - shrub moderate sev fire",wepp.cli,,,
682,156,259.7056274847714,211.393185937872,5.49,0.8512910256056467,4.447213929445199,118,Moderate Severity Fire,459983-sand loam-forest moderate sev fire,"Corbett loamy coarse sand, 50 to 80 percent slopes (LCOS) - forest moderate sev fire",wepp.cli,,,
683,157,259.7056274847714,107.42932400121364,2.79,1.0097969668410558,142.7425971118324,106,Low Severity Fire,459951-sand loam-forest low sev fire,"Chaix coarse sandy loam, 50 to 70 percent slopes, severely eroded (COSL) - forest low sev fire",wepp.cli,,,
692,158,332.13203435596427,195.1031315773361,6.479900000000001,0.8926674873757504,340.95784380515806,120,Shrub Moderate Severity Fire,459983-sand loam-shrub moderate sev fire,"Corbett loamy coarse sand, 50 to 80 percent slopes (LCOS) - shrub moderate sev fire",wepp.cli,,,
693,159,332.13203435596427,425.4332174672467,14.13,0.8706324096196817,131.6270290070098,106,Low Severity Fire,459951-sand loam-forest low sev fire,"Chaix coarse sandy loam, 50 to 70 percent slopes, severely eroded (COSL) - forest low sev fire",wepp.cli,,,
701,160,353.4328084918633,328.492424049175,11.610000000000001,1.0400549529850736,8.78217136838087,120,Shrub Moderate Severity Fire,459983-sand loam-shrub moderate sev fire,"Corbett loamy coarse sand, 50 to 80 percent slopes (LCOS) - shrub moderate sev fire",wepp.cli,,,
702,161,529.7056274847714,239.56702254149317,12.690000000000001,1.172357108178195,333.12751663659026,120,Shrub Moderate Severity Fire,459983-sand loam-shrub moderate sev fire,"Corbett loamy coarse sand, 50 to 80 percent slopes (LCOS) - shrub moderate sev fire",wepp.cli,,,
703,162,529.7056274847714,142.72077938642144,7.5600000000000005,1.473987425107948,39.02609787869794,120,Shrub Moderate Severity Fire,459983-sand loam-shrub moderate sev fire,"Corbett loamy coarse sand, 50 to 80 percent slopes (LCOS) - shrub moderate sev fire",wepp.cli,,,
712,163,294.8528137423857,198.40407577426657,5.8500000000000005,1.0773995983585698,13.49872024697726,120,Shrub Moderate Severity Fire,459983-sand loam-shrub moderate sev fire,"Corbett loamy coarse sand, 50 to 80 percent slopes (LCOS) - shrub moderate sev fire",wepp.cli,,,
713,164,294.8528137423857,201.45644617079373,5.94,0.7370776879193803,170.16190974441977,106,Low Severity Fire,459951-sand loam-forest low sev fire,"Chaix coarse sandy loam, 50 to 70 percent slopes, severely eroded (COSL) - forest low sev fire",wepp.cli,,,
722,165,60.0,30.0,0.18000000000000002,1.2964378563022363,335.0,120,Shrub Moderate Severity Fire,460113-sand loam-shrub moderate sev fire,Rockland (UWB) - shrub moderate sev fire,wepp.cli,,,
723,166,60.0,105.0,0.63,0.8804537217772729,47.422685576116365,119,Shrub High Severity Fire,459983-sand loam-shrub high sev fire,"Corbett loamy coarse sand, 50 to 80 percent slopes (LCOS) - shrub high sev fire",wepp.cli,,,
732,167,162.42640687119285,160.68815719538622,2.6100000000000003,0.7959366687548945,317.8429997994364,120,Shrub Moderate Severity Fire,460113-sand loam-shrub moderate sev fire,Rockland (UWB) - shrub moderate sev fire,wepp.cli,,,
733,168,162.42640687119285,60.95068031549133,0.9900000000000001,1.2597334596606211,55.28078797950718,119,Shrub High Severity Fire,459983-sand loam-shrub high sev fire,"Corbett loamy coarse sand, 50 to 80 percent slopes (LCOS) - shrub high sev fire",wepp.cli,,,
741,169,339.66763655034555,413.3452377915607,14.040000000000001,0.5863093229654044,356.1036254069822,120,Shrub Moderate Severity Fire,459983-sand loam-shrub moderate sev fire,"Corbett loamy coarse sand, 50 to 80 percent slopes (LCOS) - shrub moderate sev fire",wepp.cli,,,
742,170,727.2792206135786,236.36038969321072,17.19,1.2986026416892376,330.2937024162091,120,Shrub Moderate Severity Fire,459983-sand loam-shrub moderate sev fire,"Corbett loamy coarse sand, 50 to 80 percent slopes (LCOS) - shrub moderate sev fire",wepp.cli,,,
743,171,727.2792206135786,199.23572115501008,14.49,1.6021211867287557,45.84984416150785,120,Shrub Moderate Severity Fire,459983-sand loam-shrub moderate sev fire,"Corbett loamy coarse sand, 50 to 80 percent slopes (LCOS) - shrub moderate sev fire",wepp.cli,,,
751,172,208.61011272707592,483.1980515339464,10.08,0.7267859700891878,55.92753644818693,120,Shrub Moderate Severity Fire,459982-sand loam-shrub moderate sev fire,"Corbett loamy coarse sand, 30 to 70 percent slopes, severely eroded (LCOS) - shrub moderate sev fire",wepp.cli,,,
752,173,344.5584412271571,39.18058124456122,1.35,2.3272071195640427,8.269592528152218,119,Shrub High Severity Fire,459983-sand loam-shrub high sev fire,"Corbett loamy coarse sand, 50 to 80 percent slopes (LCOS) - shrub high sev fire",wepp.cli,,,
753,174,344.5584412271571,99.25747248622174,3.4200000000000004,2.2847030109489377,60.48586492862066,119,Shrub High Severity Fire,459983-sand loam-shrub high sev fire,"Corbett loamy coarse sand, 50 to 80 percent slopes (LCOS) - shrub high sev fire",wepp.cli,,,
761,175,250.57162991856435,438.1980515339464,10.98,0.8721691454899719,48.96442042481567,120,Shrub Moderate Severity Fire,459982-sand loam-shrub moderate sev fire,"Corbett loamy coarse sand, 30 to 70 percent slopes, severely eroded (LCOS) - shrub moderate sev fire",wepp.cli,,,
762,176,254.55844122715712,24.74873734152916,0.63,3.23961172146666,46.00158665056714,119,Shrub High Severity Fire,459983-sand loam-shrub high sev fire,"Corbett loamy coarse sand, 50 to 80 percent slopes (LCOS) - shrub high sev fire",wepp.cli,,,
763,177,254.55844122715712,17.67766952966369,0.45,2.70277943308364,74.39692622445288,120,Shrub Moderate Severity Fire,459983-sand loam-shrub moderate sev fire,"Corbett loamy coarse sand, 50 to 80 percent slopes (LCOS) - shrub moderate sev fire",wepp.cli,,,
772,178,187.27922061357856,643.9582544442519,12.06,0.5497245838267464,56.97392139862263,119,Shrub High Severity Fire,459983-sand loam-shrub high sev fire,"Corbett loamy coarse sand, 50 to 80 percent slopes (LCOS) - shrub high sev fire",wepp.cli,,,
773,179,187.27922061357856,293.14517553059227,5.49,0.7770749522711561,190.14295576621308,106,Low Severity Fire,459951-sand loam-forest low sev fire,"Chaix coarse sandy loam, 50 to 70 percent slopes, severely eroded (COSL) - forest low sev fire",wepp.cli,,,
782,180,384.8528137423857,327.39789213115216,12.5999,1.2757810039224045,32.26176064705189,120,Shrub Moderate Severity Fire,459983-sand loam-shrub moderate sev fire,"Corbett loamy coarse sand, 50 to 80 percent slopes (LCOS) - shrub moderate sev fire",wepp.cli,,,
783,181,384.8528137423857,254.9026445878256,9.81,1.0980936362911076,159.08440995210364,118,Moderate Severity Fire,459951-sand loam-forest moderate sev fire,"Chaix coarse sandy loam, 50 to 70 percent slopes, severely eroded (COSL) - forest moderate sev fire",wepp.cli,,,
791,182,351.5019525366776,302.13203435596427,10.620000000000001,0.6365018092150477,359.95296181184665,120,Shrub Moderate Severity Fire,459983-sand loam-shrub moderate sev fire,"Corbett loamy coarse sand, 50 to 80 percent slopes (LCOS) - shrub moderate sev fire",wepp.cli,,,
792,183,526.6904755831214,194.80132023729345,10.26,1.3784304559859446,355.09390939769133,120,Shrub Moderate Severity Fire,459983-sand loam-shrub moderate sev fire,"Corbett loamy coarse sand, 50 to 80 percent slopes (LCOS) - shrub moderate sev fire",wepp.cli,,,
793,184,526.6904755831214,302.45468142106085,15.930000000000001,1.0757195947832685,109.43900761242644,120,Shrub Moderate Severity Fire,459983-sand loam-shrub moderate sev fire,"Corbett loamy coarse sand, 50 to 80 percent slopes (LCOS) - shrub moderate sev fire",wepp.cli,,,
802,185,199.7056274847714,234.34492352284235,4.680000000000001,0.9354329161033992,74.56634969178481,120,Shrub Moderate Severity Fire,459983-sand loam-shrub moderate sev fire,"Corbett loamy coarse sand, 50 to 80 percent slopes (LCOS) - shrub moderate sev fire",wepp.cli,,,
803,186,199.7056274847714,148.71889377411148,2.9699,0.9963141256817024,189.4097950598849,118,Moderate Severity Fire,459951-sand loam-forest moderate sev fire,"Chaix coarse sandy loam, 50 to 70 percent slopes, severely eroded (COSL) - forest moderate sev fire",wepp.cli,,,
812,187,284.5584412271571,445.9540875074528,12.690000000000001,0.6946712082648236,54.5587563189889,120,Shrub Moderate Severity Fire,459983-sand loam-shrub moderate sev fire,"Corbett loamy coarse sand, 50 to 80 percent slopes (LCOS) - shrub moderate sev fire",wepp.cli,,,
813,188,284.5584412271571,142.32577260876155,4.05,1.2551456835737675,189.377530503437,118,Moderate Severity Fire,459983-sand loam-forest moderate sev fire,"Corbett loamy coarse sand, 50 to 80 percent slopes (LCOS) - forest moderate sev fire",wepp.cli,,,
822,189,294.8528137423857,302.1846692561906,8.91,0.9780966206776356,34.1899341434501,120,Shrub Moderate Severity Fire,459983-sand loam-shrub moderate sev fire,"Corbett loamy coarse sand, 50 to 80 percent slopes (LCOS) - shrub moderate sev fire",wepp.cli,,,
823,190,294.8528137423857,94.62348229234252,2.79,1.300136726917745,160.40955955741745,120,Shrub Moderate Severity Fire,459983-sand loam-shrub moderate sev fire,"Corbett loamy coarse sand, 50 to 80 percent slopes (LCOS) - shrub moderate sev fire",wepp.cli,,,
831,191,346.3204640125506,446.98484809835,15.48,0.4909314970437399,47.8357089689922,120,Shrub Moderate Severity Fire,459983-sand loam-shrub moderate sev fire,"Corbett loamy coarse sand, 50 to 80 percent slopes (LCOS) - shrub moderate sev fire",wepp.cli,,,
832,192,229.7056274847714,54.8528137423857,1.26,1.6931148224165349,15.341233944540058,119,Shrub High Severity Fire,459983-sand loam-shrub high sev fire,"Corbett loamy coarse sand, 50 to 80 percent slopes (LCOS) - shrub high sev fire",wepp.cli,,,
833,193,229.7056274847714,50.93475561792958,1.1700000000000002,1.21382921088457,87.24040119999749,119,Shrub High Severity Fire,459983-sand loam-shrub high sev fire,"Corbett loamy coarse sand, 50 to 80 percent slopes (LCOS) - shrub high sev fire",wepp.cli,,,
841,194,300.01174612008026,386.98484809835,11.610000000000001,0.8008057038340418,154.56027149303756,119,Shrub High Severity Fire,459983-sand loam-shrub high sev fire,"Corbett loamy coarse sand, 50 to 80 percent slopes (LCOS) - shrub high sev fire",wepp.cli,,,
842,195,422.13203435596427,388.0302527854949,16.380000000000003,0.5928950744718788,65.35236838384303,119,Shrub High Severity Fire,459983-sand loam-shrub high sev fire,"Corbett loamy coarse sand, 50 to 80 percent slopes (LCOS) - shrub high sev fire",wepp.cli,,,
843,196,422.13203435596427,424.2748368368872,17.91,0.7716309874744525,174.6799938736697,120,Shrub Moderate Severity Fire,460113-sand loam-shrub moderate sev fire,Rockland (UWB) - shrub moderate sev fire,wepp.cli,,,
851,197,322.72077938642144,384.8528137423857,12.42,0.7029243156091453,180.40382910800503,52,Shrub/Scrub,460113-sand loam-shrub,Rockland (UWB) - shrub,wepp.cli,,,
852,198,1041.8376618407356,234.96942850720467,24.48,1.3744743189190585,135.22256904973042,52,Shrub/Scrub,460113-sand loam-shrub,Rockland (UWB) - shrub,wepp.cli,,,
853,199,1041.8376618407356,307.53351672266496,32.04,1.7302072850485009,201.47786297157327,52,Shrub/Scrub,460113-sand loam-shrub,Rockland (UWB) - shrub,wepp.cli,,,
861,200,289.1713792269346,379.7056274847714,10.98,0.8396113529722707,176.59433926065108,52,Shrub/Scrub,460113-sand loam-shrub,Rockland (UWB) - shrub,wepp.cli,,,
862,201,794.5584412271571,80.42202647965019,6.390000000000001,2.330952982216349,157.77551189527838,120,Shrub Moderate Severity Fire,460113-sand loam-shrub moderate sev fire,Rockland (UWB) - shrub moderate sev fire,wepp.cli,,,
863,202,794.5584412271571,116.668573625408,9.27,2.038913428896246,215.61880432790116,120,Shrub Moderate Severity Fire,460113-sand loam-shrub moderate sev fire,Rockland (UWB) - shrub moderate sev fire,wepp.cli,,,
872,203,264.8528137423857,142.72077938642144,3.7800000000000002,1.2715735806283008,135.4225160711427,106,Low Severity Fire,459951-sand loam-forest low sev fire,"Chaix coarse sandy loam, 50 to 70 percent slopes, severely eroded (COSL) - forest low sev fire",wepp.cli,,,
873,204,264.8528137423857,125.73021041184748,3.33,1.2279411657287571,219.3688284482096,106,Low Severity Fire,459951-sand loam-forest low sev fire,"Chaix coarse sandy loam, 50 to 70 percent slopes, severely eroded (COSL) - forest low sev fire",wepp.cli,,,
881,205,292.04739250051165,363.6396103067893,10.619900000000001,1.0736004765928395,167.4103285232938,120,Shrub Moderate Severity Fire,460113-sand loam-shrub moderate sev fire,Rockland (UWB) - shrub moderate sev fire,wepp.cli,,,
882,206,319.7056274847714,182.98082664430592,5.8500000000000005,1.7954162373039686,145.36832431143085,120,Shrub Moderate Severity Fire,459951-sand loam-shrub moderate sev fire,"Chaix coarse sandy loam, 50 to 70 percent slopes, severely eroded (COSL) - shrub moderate sev fire",wepp.cli,,,
883,207,319.7056274847714,90.08286850181214,2.8800000000000003,2.133153328770678,188.89656659065804,121,Shrub Low Severity Fire,459951-sand loam-shrub low sev fire,"Chaix coarse sandy loam, 50 to 70 percent slopes, severely eroded (COSL) - shrub low sev fire",wepp.cli,,,
891,208,332.320525648831,322.27922061357856,10.71,1.2452003817977673,156.78680992670382,120,Shrub Moderate Severity Fire,460113-sand loam-shrub moderate sev fire,Rockland (UWB) - shrub moderate sev fire,wepp.cli,,,
892,209,319.7056274847714,135.12430275271822,4.32,1.8222827639438115,163.66084874697955,120,Shrub Moderate Severity Fire,459951-sand loam-shrub moderate sev fire,"Chaix coarse sandy loam, 50 to 70 percent slopes, severely eroded (COSL) - shrub moderate sev fire",wepp.cli,,,
893,210,319.7056274847714,64.74706173567748,2.0700000000000003,1.7026773106308202,237.0488924969785,118,Moderate Severity Fire,460113-sand loam-forest moderate sev fire,Rockland (UWB) - forest moderate sev fire,wepp.cli,,,
901,211,250.78748412771023,398.3452377915607,9.99,0.7233058672137613,142.2884046741609,120,Shrub Moderate Severity Fire,460113-sand loam-shrub moderate sev fire,Rockland (UWB) - shrub moderate sev fire,wepp.cli,,,
902,212,259.7056274847714,100.49839987210308,2.6100000000000003,1.5574713666624014,121.33651084176677,118,Moderate Severity Fire,459951-sand loam-forest moderate sev fire,"Chaix coarse sandy loam, 50 to 70 percent slopes, severely eroded (COSL) - forest moderate sev fire",wepp.cli,,,
903,213,259.7056274847714,55.447393032884456,1.4400000000000002,1.6172937639078129,183.8833497651923,106,Low Severity Fire,459951-sand loam-forest low sev fire,"Chaix coarse sandy loam, 50 to 70 percent slopes, severely eroded (COSL) - forest low sev fire",wepp.cli,,,
912,214,484.2640687119285,122.66034966830246,5.94,1.6779461485213687,84.77258507313,105,High Severity Fire,459975-sand loam-forest high sev fire,Colluvial land (GRX-SL) - forest high sev fire,wepp.cli,,,
913,215,484.2640687119285,102.21695805691871,4.95,1.020515079920455,166.72326676624382,105,High Severity Fire,459982-sand loam-forest high sev fire,"Corbett loamy coarse sand, 30 to 70 percent slopes, severely eroded (LCOS) - forest high sev fire",wepp.cli,,,
921,216,221.8891418885081,511.0660171779821,11.34,0.6759736568696847,110.09879339379862,119,Shrub High Severity Fire,459983-sand loam-shrub high sev fire,"Corbett loamy coarse sand, 50 to 80 percent slopes (LCOS) - shrub high sev fire",wepp.cli,,,
922,217,983.9696961967,268.91072054632184,26.46,1.2449639720223196,84.19067081327564,120,Shrub Moderate Severity Fire,460113-sand loam-shrub moderate sev fire,Rockland (UWB) - shrub moderate sev fire,wepp.cli,,,
923,218,983.9696961967,147.26063268012865,14.49,3.424573856527212,143.0998604521272,120,Shrub Moderate Severity Fire,459982-sand loam-shrub moderate sev fire,"Corbett loamy coarse sand, 30 to 70 percent slopes, severely eroded (LCOS) - shrub moderate sev fire",wepp.cli,,,
932,219,144.8528137423857,93.19805153394638,1.35,0.924641088098328,105.85504263948404,105,High Severity Fire,459982-sand loam-forest high sev fire,"Corbett loamy coarse sand, 30 to 70 percent slopes, severely eroded (LCOS) - forest high sev fire",wepp.cli,,,
933,220,144.8528137423857,80.77164466275353,1.1700000000000002,1.0253711845452724,171.06738482098035,118,Moderate Severity Fire,459982-sand loam-forest moderate sev fire,"Corbett loamy coarse sand, 30 to 70 percent slopes, severely eroded (LCOS) - forest moderate sev fire",wepp.cli,,,
941,221,260.0375236704938,591.8376618407357,15.39,0.5815335029686327,138.77888036864357,120,Shrub Moderate Severity Fire,459982-sand loam-shrub moderate sev fire,"Corbett loamy coarse sand, 30 to 70 percent slopes, severely eroded (LCOS) - shrub moderate sev fire",wepp.cli,,,
942,222,539.1168824543142,150.2457122679034,8.1,2.6684134462299625,117.89060039753676,120,Shrub Moderate Severity Fire,459982-sand loam-shrub moderate sev fire,"Corbett loamy coarse sand, 30 to 70 percent slopes, severely eroded (LCOS) - shrub moderate sev fire",wepp.cli,,,
943,223,539.1168824543142,120.19656981432271,6.48,1.844297185291712,168.32658281753282,120,Shrub Moderate Severity Fire,459982-sand loam-shrub moderate sev fire,"Corbett loamy coarse sand, 30 to 70 percent slopes, severely eroded (LCOS) - shrub moderate sev fire",wepp.cli,,,
951,224,219.1380328556559,468.1980515339464,10.26,0.8231458997982901,152.9340466398449,119,Shrub High Severity Fire,459982-sand loam-shrub high sev fire,"Corbett loamy coarse sand, 30 to 70 percent slopes, severely eroded (LCOS) - shrub high sev fire",wepp.cli,,,
952,225,294.8528137423857,97.6758526888697,2.8800000000000003,1.7035141248669234,135.78915087763926,120,Shrub Moderate Severity Fire,459982-sand loam-shrub moderate sev fire,"Corbett loamy coarse sand, 30 to 70 percent slopes, severely eroded (LCOS) - shrub moderate sev fire",wepp.cli,,,
953,226,294.8528137423857,112.9377046715056,3.33,1.5694863300975133,178.55786222637158,120,Shrub Moderate Severity Fire,459982-sand loam-shrub moderate sev fire,"Corbett loamy coarse sand, 30 to 70 percent slopes, severely eroded (LCOS) - shrub moderate sev fire",wepp.cli,,,
962,227,157.27922061357856,194.5584412271571,3.0599000000000003,0.5930060502813514,91.87972801077366,105,High Severity Fire,459982-sand loam-forest high sev fire,"Corbett loamy coarse sand, 30 to 70 percent slopes, severely eroded (LCOS) - forest high sev fire",wepp.cli,,,
963,228,157.27922061357856,57.223070949163855,0.9,1.2579603326596214,169.92349960633743,105,High Severity Fire,459954-sand loam-forest high sev fire,"Chaix sandy loam, 50 to 70 percent (SL) - forest high sev fire",wepp.cli,,,
971,229,258.7545008201275,389.5584412271571,10.08,0.7660958650642775,143.31890727234526,105,High Severity Fire,459982-sand loam-forest high sev fire,"Corbett loamy coarse sand, 30 to 70 percent slopes, severely eroded (LCOS) - forest high sev fire",wepp.cli,,,
972,230,144.8528137423857,80.77164466275353,1.1700000000000002,1.2086543329381805,94.0478200649013,105,High Severity Fire,459982-sand loam-forest high sev fire,"Corbett loamy coarse sand, 30 to 70 percent slopes, severely eroded (LCOS) - forest high sev fire",wepp.cli,,,
973,231,144.8528137423857,24.852813742385703,0.36000000000000004,2.003733081003699,150.02808145605354,105,High Severity Fire,459984-sand loam-forest high sev fire,"Corbett very rocky loamy coarse sand, 30 to 80 percent slopes (LCOS) - forest high sev fire",wepp.cli,,,
982,232,476.98484809835,81.13465271337175,3.87,2.041096391847025,121.69821154860492,105,High Severity Fire,459982-sand loam-forest high sev fire,"Corbett loamy coarse sand, 30 to 70 percent slopes, severely eroded (LCOS) - forest high sev fire",wepp.cli,,,
983,233,476.98484809835,152.83504348332818,7.29,1.5281098885290327,178.7010173795521,120,Shrub Moderate Severity Fire,459982-sand loam-shrub moderate sev fire,"Corbett loamy coarse sand, 30 to 70 percent slopes, severely eroded (LCOS) - shrub moderate sev fire",wepp.cli,,,
991,234,160.65286188083326,621.8376618407357,9.99,0.6454158156466263,133.92033295159447,120,Shrub Moderate Severity Fire,459982-sand loam-shrub moderate sev fire,"Corbett loamy coarse sand, 30 to 70 percent slopes, severely eroded (LCOS) - shrub moderate sev fire",wepp.cli,,,
992,235,84.8528137423857,21.213203435596427,0.18000000000000002,1.450345184566615,109.5,118,Moderate Severity Fire,459982-sand loam-forest moderate sev fire,"Corbett loamy coarse sand, 30 to 70 percent slopes, severely eroded (LCOS) - forest moderate sev fire",wepp.cli,,,
1001,236,233.9696961966999,476.98484809835,11.16,0.6384058800824518,158.59021450471576,120,Shrub Moderate Severity Fire,459982-sand loam-shrub moderate sev fire,"Corbett loamy coarse sand, 30 to 70 percent slopes, severely eroded (LCOS) - shrub moderate sev fire",wepp.cli,,,
1003,237,84.8528137423857,275.77164466275354,2.3400000000000003,0.8034194374443794,186.4762679324556,120,Shrub Moderate Severity Fire,459982-sand loam-shrub moderate sev fire,"Corbett loamy coarse sand, 30 to 70 percent slopes, severely eroded (LCOS) - shrub moderate sev fire",wepp.cli,,,
1011,238,211.86787669979515,484.2640687119285,10.26,0.9836995314772292,129.51330940823277,120,Shrub Moderate Severity Fire,459982-sand loam-shrub moderate sev fire,"Corbett loamy coarse sand, 30 to 70 percent slopes, severely eroded (LCOS) - shrub moderate sev fire",wepp.cli,,,
1012,239,397.27922061357856,111.00505063388334,4.41,2.0024068464574185,144.83747666981756,119,Shrub High Severity Fire,459982-sand loam-shrub high sev fire,"Corbett loamy coarse sand, 30 to 70 percent slopes, severely eroded (LCOS) - shrub high sev fire",wepp.cli,,,
1013,240,397.27922061357856,24.919501162708507,0.9900000000000001,1.6487247062214994,204.1020487605969,105,High Severity Fire,459982-sand loam-forest high sev fire,"Corbett loamy coarse sand, 30 to 70 percent slopes, severely eroded (LCOS) - forest high sev fire",wepp.cli,,,
1021,241,301.68724975384373,498.1980515339464,15.030000000000001,0.8419575378263321,135.96560250063362,120,Shrub Moderate Severity Fire,459982-sand loam-shrub moderate sev fire,"Corbett loamy coarse sand, 30 to 70 percent slopes, severely eroded (LCOS) - shrub moderate sev fire",wepp.cli,,,
1022,242,858.8225099390856,101.65080559683048,8.73,1.1985057087648827,104.31261851114844,105,High Severity Fire,459982-sand loam-forest high sev fire,"Corbett loamy coarse sand, 30 to 70 percent slopes, severely eroded (LCOS) - forest high sev fire",wepp.cli,,,
1023,243,858.8225099390856,101.65080559683048,8.73,2.782644327451438,167.06790163649023,120,Shrub Moderate Severity Fire,459982-sand loam-shrub moderate sev fire,"Corbett loamy coarse sand, 30 to 70 percent slopes, severely eroded (LCOS) - shrub moderate sev fire",wepp.cli,,,
1031,244,315.2900397563425,319.7056274847714,10.08,0.7011697358872079,146.38163001666825,105,High Severity Fire,459954-sand loam-forest high sev fire,"Chaix sandy loam, 50 to 70 percent (SL) - forest high sev fire",wepp.cli,,,
1032,245,379.7056274847714,87.69951665079165,3.33,1.0226510956896184,128.37516119775668,105,High Severity Fire,459954-sand loam-forest high sev fire,"Chaix sandy loam, 50 to 70 percent (SL) - forest high sev fire",wepp.cli,,,
1033,246,379.7056274847714,40.2943725152286,1.53,1.1398880656506392,213.1504055431924,105,High Severity Fire,459954-sand loam-forest high sev fire,"Chaix sandy loam, 50 to 70 percent (SL) - forest high sev fire",wepp.cli,,,
1041,247,266.6370219517865,462.42640687119285,12.33,0.74417979529551,92.53155312063524,105,High Severity Fire,459982-sand loam-forest high sev fire,"Corbett loamy coarse sand, 30 to 70 percent slopes, severely eroded (LCOS) - forest high sev fire",wepp.cli,,,
1042,248,989.1168824543142,164.6923663822148,16.29,1.0001290193665515,64.21062413460913,105,High Severity Fire,459954-sand loam-forest high sev fire,"Chaix sandy loam, 50 to 70 percent (SL) - forest high sev fire",wepp.cli,,,
1043,249,989.1168824543142,141.94480196478182,14.040000000000001,1.1029463231821457,149.88680409539631,105,High Severity Fire,459954-sand loam-forest high sev fire,"Chaix sandy loam, 50 to 70 percent (SL) - forest high sev fire",wepp.cli,,,
1052,250,212.1320343559643,106.06601717798212,2.25,0.5401771441205826,94.2482352194421,105,High Severity Fire,460077-loam-forest high sev fire,"Neuns very stony loam, 50 to 80 percent slopes (STV-L) - forest high sev fire",wepp.cli,,,
1053,251,212.1320343559643,50.91168824543142,1.08,1.238838816550744,194.18683276291645,105,High Severity Fire,459954-sand loam-forest high sev fire,"Chaix sandy loam, 50 to 70 percent (SL) - forest high sev fire",wepp.cli,,,
1061,252,266.25613362823697,405.6244584051393,10.8,0.5920111666416974,105.75678425479616,105,High Severity Fire,459954-sand loam-forest high sev fire,"Chaix sandy loam, 50 to 70 percent (SL) - forest high sev fire",wepp.cli,,,
1062,253,120.0,22.5,0.27,0.8311528012875139,73.36451847176862,105,High Severity Fire,459954-sand loam-forest high sev fire,"Chaix sandy loam, 50 to 70 percent (SL) - forest high sev fire",wepp.cli,,,
1063,254,120.0,67.5,0.81,0.4968348570019046,128.9965416211923,105,High Severity Fire,460077-loam-forest high sev fire,"Neuns very stony loam, 50 to 80 percent slopes (STV-L) - forest high sev fire",wepp.cli,,,
1072,255,1453.675323681471,136.82560112273254,19.89,1.3916063809556227,81.94796556304502,105,High Severity Fire,460077-loam-forest high sev fire,"Neuns very stony loam, 50 to 80 percent slopes (STV-L) - forest high sev fire",wepp.cli,,,
1073,256,1453.675323681471,123.20495304716638,17.91,1.3647066273573645,141.49600830711026,105,High Severity Fire,460077-loam-forest high sev fire,"Neuns very stony loam, 50 to 80 percent slopes (STV-L) - forest high sev fire",wepp.cli,,,
1081,257,288.24243042640063,349.7056274847714,10.08,1.1373925305316408,80.47413876786031,119,Shrub High Severity Fire,459982-sand loam-shrub high sev fire,"Corbett loamy coarse sand, 30 to 70 percent slopes, severely eroded (LCOS) - shrub high sev fire",wepp.cli,,,
1082,258,404.5584412271571,68.96407825621,2.7899000000000003,0.8296373927358958,328.9300109681424,105,High Severity Fire,459954-sand loam-forest high sev fire,"Chaix sandy loam, 50 to 70 percent (SL) - forest high sev fire",wepp.cli,,,
1083,259,404.5584412271571,53.39154445642065,2.16,0.9858267435859775,81.5221149810627,105,High Severity Fire,459954-sand loam-forest high sev fire,"Chaix sandy loam, 50 to 70 percent (SL) - forest high sev fire",wepp.cli,,,
1101,260,290.70551290725945,414.8528137423857,12.06,0.9674022164617616,74.65595257175625,105,High Severity Fire,459983-sand loam-forest high sev fire,"Corbett loamy coarse sand, 50 to 80 percent slopes (LCOS) - forest high sev fire",wepp.cli,,,
1102,261,524.5584412271571,228.1919240875672,11.97,1.845059081996755,70.14924501242982,105,High Severity Fire,459983-sand loam-forest high sev fire,"Corbett loamy coarse sand, 50 to 80 percent slopes (LCOS) - forest high sev fire",wepp.cli,,,
1103,262,524.5584412271571,65.19769259644777,3.4200000000000004,1.4954039262182697,120.90702802742574,105,High Severity Fire,459954-sand loam-forest high sev fire,"Chaix sandy loam, 50 to 70 percent (SL) - forest high sev fire",wepp.cli,,,
1111,263,343.5685763509275,290.77164466275354,9.99,0.8878316659752981,111.05694075961192,105,High Severity Fire,459954-sand loam-forest high sev fire,"Chaix sandy loam, 50 to 70 percent (SL) - forest high sev fire",wepp.cli,,,
1112,264,102.42640687119284,61.50757595082502,0.63,1.4599353073584893,97.14153988385004,105,High Severity Fire,459954-sand loam-forest high sev fire,"Chaix sandy loam, 50 to 70 percent (SL) - forest high sev fire",wepp.cli,,,
1113,265,102.42640687119284,52.72077938642145,0.54,0.9071339329703084,172.11648784924415,105,High Severity Fire,460077-loam-forest high sev fire,"Neuns very stony loam, 50 to 80 percent slopes (STV-L) - forest high sev fire",wepp.cli,,,
1122,266,132.42640687119285,33.981137949147964,0.45,0.378489805330983,54.02185508536662,21,Low Intensity Residential,Developed_Low_Intensity,Developed_Low_Intensity,wepp.cli,,,
1123,267,132.42640687119285,74.75850348812551,0.9900000000000001,0.746546727786769,176.51719588518756,105,High Severity Fire,459963-sand loam-forest high sev fire,Cobbly alluvial land (CBV-S) - forest high sev fire,wepp.cli,,,
1132,268,544.2640687119285,171.97534318500306,9.3599,0.5290392747726471,60.01730144222901,105,High Severity Fire,460077-loam-forest high sev fire,"Neuns very stony loam, 50 to 80 percent slopes (STV-L) - forest high sev fire",wepp.cli,,,
1133,269,544.2640687119285,99.21654414519408,5.4,0.8371529179549612,195.31267623451504,105,High Severity Fire,460077-loam-forest high sev fire,"Neuns very stony loam, 50 to 80 percent slopes (STV-L) - forest high sev fire",wepp.cli,,,
1142,270,446.98484809835,167.11975879675407,7.470000000000001,0.6521737014503525,56.27575694812789,105,High Severity Fire,460077-loam-forest high sev fire,"Neuns very stony loam, 50 to 80 percent slopes (STV-L) - forest high sev fire",wepp.cli,,,
1143,271,446.98484809835,215.44354447292392,9.63,1.0264211459892378,187.6554996874778,105,High Severity Fire,460076-loam-forest high sev fire,"Neuns very stony loam, 8 to 50 percent slopes (STV-L) - forest high sev fire",wepp.cli,,,
1151,272,452.0622604983944,314.5584412271571,14.22,0.6967055212110822,144.70487160768636,105,High Severity Fire,460077-loam-forest high sev fire,"Neuns very stony loam, 50 to 80 percent slopes (STV-L) - forest high sev fire",wepp.cli,,,
1152,273,484.2640687119285,146.82072157266506,7.11,0.7625188205724759,67.36153645156324,105,High Severity Fire,460077-loam-forest high sev fire,"Neuns very stony loam, 50 to 80 percent slopes (STV-L) - forest high sev fire",wepp.cli,,,
1153,274,484.2640687119285,109.65091864287643,5.3100000000000005,0.9493001581141716,193.18974434193396,105,High Severity Fire,460077-loam-forest high sev fire,"Neuns very stony loam, 50 to 80 percent slopes (STV-L) - forest high sev fire",wepp.cli,,,
1161,275,308.1971634332324,353.3452377915607,10.8899,0.5553595125412841,163.75785611658128,105,High Severity Fire,460077-loam-forest high sev fire,"Neuns very stony loam, 50 to 80 percent slopes (STV-L) - forest high sev fire",wepp.cli,,,
1162,276,542.1320343559643,99.60673153017105,5.4,1.3590521355741103,124.13995912195436,105,High Severity Fire,460077-loam-forest high sev fire,"Neuns very stony loam, 50 to 80 percent slopes (STV-L) - forest high sev fire",wepp.cli,,,
1163,277,542.1320343559643,151.0702094874261,8.190000000000001,1.3721857181164052,194.80195168144135,105,High Severity Fire,459954-sand loam-forest high sev fire,"Chaix sandy loam, 50 to 70 percent (SL) - forest high sev fire",wepp.cli,,,
1171,278,298.6965441348762,343.492424049175,10.26,0.5965918185630255,182.69733500478293,105,High Severity Fire,460077-loam-forest high sev fire,"Neuns very stony loam, 50 to 80 percent slopes (STV-L) - forest high sev fire",wepp.cli,,,
1172,279,132.42640687119285,156.31323456608064,2.0700000000000003,0.8834931834568731,156.75500514442464,105,High Severity Fire,460076-loam-forest high sev fire,"Neuns very stony loam, 8 to 50 percent slopes (STV-L) - forest high sev fire",wepp.cli,,,
1173,280,132.42640687119285,54.36982071863674,0.7200000000000001,1.1222518246891802,228.85975119132445,105,High Severity Fire,460077-loam-forest high sev fire,"Neuns very stony loam, 50 to 80 percent slopes (STV-L) - forest high sev fire",wepp.cli,,,
1181,281,463.010539344239,272.13203435596427,12.600000000000001,0.6422881550512684,178.96723290780096,105,High Severity Fire,459953-sand loam-forest high sev fire,"Chaix sandy loam, 30 to 50 percent slopes (SL) - forest high sev fire",wepp.cli,,,
1182,282,332.13203435596427,81.2929714905567,2.7,0.6914605693119584,91.51446582976205,105,High Severity Fire,460077-loam-forest high sev fire,"Neuns very stony loam, 50 to 80 percent slopes (STV-L) - forest high sev fire",wepp.cli,,,
1183,283,332.13203435596427,119.22969151948315,3.9600000000000004,0.9660217394669172,214.3925633792086,105,High Severity Fire,460077-loam-forest high sev fire,"Neuns very stony loam, 50 to 80 percent slopes (STV-L) - forest high sev fire",wepp.cli,,,
1191,284,272.5795787794875,379.7056274847714,10.3499,0.488498073062758,115.38585782887596,105,High Severity Fire,459954-sand loam-forest high sev fire,"Chaix sandy loam, 50 to 70 percent (SL) - forest high sev fire",wepp.cli,,,
1192,285,1501.248916810278,180.4497555112876,27.09,0.9964994037260116,49.359795381707016,105,High Severity Fire,459953-sand loam-forest high sev fire,"Chaix sandy loam, 30 to 50 percent slopes (SL) - forest high sev fire",wepp.cli,,,
1193,286,1501.248916810278,311.1409405659743,46.709900000000005,0.6596708401749645,169.7787169519212,105,High Severity Fire,459954-sand loam-forest high sev fire,"Chaix sandy loam, 50 to 70 percent (SL) - forest high sev fire",wepp.cli,,,
1201,287,314.2780789586475,400.91883092036784,12.600000000000001,0.4767221341842445,103.2369865214748,105,High Severity Fire,459954-sand loam-forest high sev fire,"Chaix sandy loam, 50 to 70 percent (SL) - forest high sev fire",wepp.cli,,,
1202,288,157.27922061357856,11.444614189832771,0.18000000000000002,0.7202732781202532,66.5,105,High Severity Fire,460076-loam-forest high sev fire,"Neuns very stony loam, 8 to 50 percent slopes (STV-L) - forest high sev fire",wepp.cli,,,
1203,289,157.27922061357856,114.44614189832772,1.8,0.353576409751167,100.7127344139307,105,High Severity Fire,460076-loam-forest high sev fire,"Neuns very stony loam, 8 to 50 percent slopes (STV-L) - forest high sev fire",wepp.cli,,,
